{
  "user": "abinesh001",
  "abinesh001": {
    "workout": {
      "legpress": {
        "current": 30,
        "target": 50
      },
      "machinefly": {
        "current": 25,
        "target": 50
      },
      "smithpress": {
        "current": 40,
        "target": 50
      },
      "chestpress": {
        "current": 29,
        "target": 50
      }
    },
    "activity": {
      "2022": {
        "FEB": 60,
        "MAR": 80,
        "APR": 50,
        "JUN": 60,
        "JUL": 80,
        "AUG": 50,
        "SEP": 60,
        "NOV": 50
      },
      "2023": {
        "JAN": 70,
        "FEB": 80,
        "APR": 40,
        "JUN": 60,
        "JUL": 80,
        "AUG": 80,
        "SEP": 70,
        "NOV": 50
      }
    },
    "overview": {
      "total": 72,
      "calories_burn": [
        "11.12",
        "2.66"
      ],
      "protiens": [
        "25.67",
        "1.23"
      ],
      "crabs": [
        "35.29",
        "1.27"
      ]
    }
  }
}